0,-1,0,0,0,0
0.0,-1.0,0.0,0.0,0.0,0.0
0.0003225863832694915,-0.9985227078304634,-0.0017046710578884723,0.00029140036336460895,0.00017429416672216962,-6.402147501272456e-05
0.0009667657369790722,-0.9955683459589361,-0.005113543326663297,0.0008738801755944316,0.0005223608143705976,-0.00019203820163794615
0.0019295886808267508,-0.9911319223418092,-0.010237799074391856,0.0017533369459871878,0.0010426674606379264,-0.000383945540614483
0.0032061522946046027,-0.9852033009942537,-0.017100046260538845,0.0029417271859334135,0.0017326707328875288,-0.0006395519824070892
0.004789600103114475,-0.9777673095551346,-0.0257339623154449,0.004456809672032,0.0025888137190380866,-0.0009585619766379751
0.006671120114598833,-0.9688038908245706,-0.03618378622041457,0.006321776582279237,0.0036065210452174163,-0.0013405502710779043
0.008839941531411268,-0.958288309227604,-0.04850362447139287,0.00856474920841556,0.0047801920341342995,-0.0017849280917611053
0.011283330980817617,-0.946191427022121,-0.06275652426369323,0.011218106672335089,0.006103192430112074,-0.0022909016585506018
0.013986589501170784,-0.9324800686449319,-0.07901325574124883,0.014317608335157007,0.007567845397939894,-0.0028574237734950176
0.016933052120395295,-0.9171174945101844,-0.09735073543254838,0.017901264060355235,0.009165422845189716,-0.0034831395675766156
0.0201040927331496,-0.9000640072216477,-0.11785001678575407,0.022007902318418683,0.010886138612562282,-0.004166327969145394
0.023479138155344182,-0.8812777126156557,-0.14059377362545725,0.02667538600083356,0.012719145745965119,-0.004904841082344728
0.027035696700557197,-0.8607154540837526,-0.16566321190018568,0.03193843202784882,0.014652540905392804,-0.005696044438034489
0.030749408290591855,-0.8383339297720219,-0.19313436848958232,0.037826006109579154,0.01667337993227433,-0.006536761974437442
0.034594124761466005,-0.8140909870661769,-0.22307379735947677,0.04435829109104235,0.018767709570413953,-0.00742323054216508
0.0385420302639153,-0.7879470662740351,-0.2555337060239213,0.05154326810143281,0.02092062110091457,-0.00835106956260776
0.042563811902816,-0.7598667358365147,-0.2905466888916044,0.05937300405973747,0.023116331885462034,-0.009315271975339797
0.04662888928959463,-0.7298202270503945,-0.32812030271023773,0.06781980310170078,0.02533830010703767,-0.010310222496738741
0.05070570777995797,-0.6977848423450989,-0.36823182911915703,0.07683244425745477,0.027569375939721887,-0.011329748166324809
0.05476209339885723,-0.6637460857909409,-0.4108236479910836,0.08633277894788419,0.029791988701411587,-0.01236720394287707
0.05876565800926751,-0.6276983577766079,-0.45579967499641477,0.09621298187597484,0.03198836431928589,-0.013415592700579668
0.06268423229078994,-0.589645076877014,-0.5030232717661012,0.10633372130534512,0.03414076126159243,-0.014467714672575445
0.06648629367620583,-0.5495981452419778,-0.5523169040403835,0.11652343146543809,0.03623170711596963,-0.015516336885464116
0.07014134926956861,-0.5075767553109992,-0.6034636122349846,0.12657873764055502,0.03824421374019525,-0.016554369395419353
0.07362023242773333,-0.4636056315775899,-0.6562101067174314,0.13626592722360978,0.04016194779786456,-0.01757503315682635
0.07689527738208045,-0.4177128910261001,-0.7102710628588672,0.1453232136860679,0.0419693362839985,-0.018572004759026192
0.07994034834627965,-0.3699277692060553,-0.7653340260761836,0.1534634417929562,0.04365159305525265,-0.01953952605218101
0.08273071549668114,-0.320278482659474,-0.8210642825968775,0.1603768557065236,0.045194661079573026,-0.020472471164635464
0.08524278656198435,-0.26879048171415654,-0.8771091127822296,0.16573360019398786,0.04658507421383233,-0.02136636846304657
0.08745371636625193,-0.21548530121310114,-0.9331009938311206,0.1691857320140409,0.047809750037427455,-0.02221737945793623
0.08934092573081465,-0.1603801576576218,-0.9886595123807844,0.17036865499535023,0.04885573056471947,-0.023022239684156592
0.09088156557765684,-0.10348838620726968,-1.0433919392175375,0.1689020291932547,0.04970989042721771,-0.023778167882522207
0.09205196323097031,-0.04482077121803525,-1.096892575457012,0.16439032073300303,0.05035863305462101,-0.024482749552689392
0.09282708786477593,0.015612196665559741,-1.148741087766416,0.1564232444405123,0.05078759562231608,-0.025133799619795272
0.09318007291994143,0.07779710807872084,-1.198500110568179,0.14457640509730443,0.05098138425244518,-0.025729207145855252
0.0930818368032662,0.14171343304401865,-1.2457124157025858,0.12841246879921442,0.05092336311287769,-0.026266763279986397
0.09250085027402134,0.2073282894138933,-1.2898979471062582,0.10748319748777613,0.050595525230967824,-0.026743972461253044
0.09140310974566808,0.2745901438195954,-1.330550999907457,0.08133265878607684,0.04997847912487713,-0.02715784668736758
0.08975238932036093,0.34342142693951266,-1.367137796012482,0.04950187767740393,0.04905159323680594,-0.027504683845826376
0.08751085826451847,0.413710089865214,-1.3990946735566034,0.011535120812189145,0.04779334825081996,-0.027779834076012574
0.08464016020455378,0.48530020565233645,-1.4258270639851458,-0.03301210935935935,0.046181953072409986,-0.02797746325776054
0.08110304803741375,0.5579818351838317,-1.4467093743441486,-0.0845634530868488,0.04419627922623683,-0.028090330209113314
0.07686564350602984,0.631480531774726,-1.4610858185502698,-0.14351073978754858,0.04181715441136333,-0.028109603857448873
0.07190032905826427,0.7054470518726037,-1.4682721433015484,-0.21020226853113005,0.03902902109361973,-0.02802475772916822
0.06618916925922382,0.7794480579165113,-1.4675580619283342,-0.2849312175784295,0.0358219028438574,-0.02782358995911307
0.05972759549676327,0.8529588165085481,-1.4582100269173681,-0.36792545860280285,0.03219352701978147,-0.027492425205519214
0.052527888006070736,0.9253590593681608,-1.4394737152578678,-0.459340463468332,0.028151336833148206,-0.027016557450275792
0.04462180539664527,0.9959332047933169,-1.4105752416834012,-0.5592573914422254,0.023714018565103537,-0.02638098695541973
0.03606163580678848,1.0638759267713123,-1.3707196345058992,-0.6676887518213288,0.018912123559159683,-0.02557148898123417
0.026919087290856382,1.1283035049525414,-1.3190845280906185,-0.7845941278918399,0.013787444237524302,-0.024576026667675915
0.01728187569061426,1.1882704592995956,-1.2548064513503223,-0.9099081711815771,0.008391053895649002,-0.023386490088901056
0.007248579337830416,1.2427898038694742,-1.1769567734901514,-1.0435822830942543,0.0027803261687028543,-0.02200072019654062
-0.0030768550096534637,1.2908542524167221,-1.0845048059244586,-1.1856399521554633,-0.0029842850037370286,-0.020424786899677944
-0.01358891518173532,1.3314556654851162,-0.9762678050585355,-1.3362432859629219,-0.008841554464711106,-0.01867558284697867
-0.02418039967417661,1.3636023780207298,-0.850854240693494,-1.4957636673142303,-0.01472963333302389,-0.016784042865099696
-0.0347369407926156,1.386341742688523,-0.7066245061937466,-1.6648387346697981,-0.02058325891763985,-0.01479981361062908
-0.04512861804804397,1.3988152692363545,-0.5417401931564996,-1.844370013925839,-0.02632942413837057,-0.012799148754095336
-0.055215919384047754,1.400422453229166,-0.3544916918100073,-2.0353443700652387,-0.03189107057236246,-0.010899393215217273
-0.06493744960860279,1.391273603306711,-0.14435349449446971,-2.2382070265236633,-0.037235753259752896,-0.00928522912250227
-0.07467277969525543,1.3732399871055114,0.08546552715240124,-2.4513328099014466,-0.04257454908633969,-0.008248887226249911
-0.08613279901814391,1.3515734091264013,0.3240657413701701,-2.6687003234092224,-0.04884715374244703,-0.008216798514016273
-0.10296369330629762,1.3349765542952776,0.5527201211658203,-2.8799704887597275,-0.058048357296737955,-0.009657489375313936
-0.12825241628921683,1.3309776540698182,0.7558174572846622,-3.077020715676424,-0.07187323109907041,-0.012834051399431782
-0.16109114159179472,1.3418341754490628,0.929752613607022,-3.258697689679266,-0.08985687323949493,-0.017735094347838303
-0.19810283960402747,1.3665655020040477,1.0775695126524176,-3.4272872928404765,-0.1101943738771628,-0.024221381585129077
-0.23629734338941555,1.4036372614581796,1.202877450309348,-3.5850390137540344,-0.13127881972056318,-0.03208817921154765
-0.2738937074538925,1.4517333076488212,1.3082469689247342,-3.7333413765358263,-0.15214742428009562,-0.04109689778799818
-0.3100072159660545,1.509721229806143,1.3953147854286512,-3.8728083817567978,-0.17231622980105335,-0.0510085525743155
-0.34420592016856755,1.576508915780627,1.4651161851966998,-4.003478605623466,-0.1915420767393603,-0.0615963197669554
-0.37622886301962893,1.650954469108978,1.5183432458877377,-4.124988223990012,-0.2096700506387379,-0.07264270312041599
-0.4058608786153335,1.7318387480473678,1.555521256386339,-4.236721116008904,-0.22656521776154678,-0.08393553077287094
-0.4329064043848922,1.8178858232488653,1.577126860815349,-4.337946269645533,-0.2420987574398745,-0.09527063009692611
-0.4572125377696276,1.9078148334858773,1.5836616606785379,-4.427941137663224,-0.25616208263590534,-0.10646185961607012
-0.4787037937689759,2.000405758159028,1.5756886017507286,-4.506092143902973,-0.268688342462903,-0.11735432554963346
-0.4974036438431088,2.0945622723113275,1.553838210518184,-4.571963504409757,-0.279666945580509,-0.12783488699525125
-0.5134328798434448,2.1893592454022306,1.5187934224659534,-4.625330904943134,-0.28914478602731863,-0.13783572332551483
-0.5269883357004143,2.284069384241112,1.471261988449959,-4.66618309703009,-0.2972155950377576,-0.14733033644521187
-0.5383123673347256,2.3781698888170575,1.4119436532007383,-4.694698720474751,-0.30400312627533,-0.1563244051326676
-0.5476630767548782,2.471333691044354,1.3414967843906027,-4.711206903708658,-0.30964400057879427,-0.16484492449995847
-0.5552910476216809,2.5634108408988308,1.260507224955167,-4.716139562207786,-0.31427379327131616,-0.1729303355811522
-0.5614240813837647,2.654404930916024,1.169461274128388,-4.709982069750704,-0.3180174929445459,-0.18062299396189155
-0.5662588139024891,2.744448034746859,1.0687247500300276,-4.693227800396028,-0.320983877197744,-0.1879642031215888
-0.5699571356517888,2.8337758665233483,0.9585310699183809,-4.666341319231552,-0.3232627057616267,-0.19499143249432563
-0.5726453793473092,2.9227026811421264,0.838983781335745,-4.629735281804489,-0.3249235839149725,-0.2017371716916361
-0.5744147058355407,3.0115924449466633,0.710084249489192,-4.583768301234648,-0.32601557725031083,-0.20822896474957314
-0.5753217444232297,3.1008183978099977,0.5718050306009472,-4.52877636018833,-0.32656700711323555,-0.2144903853521808
-0.5753893623140205,3.1906969816595256,0.42424466021114365,-4.465159345949147,-0.3265853506972932,-0.22054297240473894
-0.5746087345054107,3.2813765799803725,0.26791356567947106,-4.39355288965886,-0.3260579996156835,-0.22640933711831607
-0.5729459217592359,3.3726685290716243,0.10418094022976376,-4.315103568974931,-0.32495598049953756,-0.2321174596686025
-0.5703579305982036,3.4638579484431427,-0.06422406412329915,-4.231780907950827,-0.3232439772559967,-0.23770490247097548
-0.5668199210683105,3.553648127287266,-0.2330778349149244,-4.146463319707293,-0.3208979578167373,-0.2432189488607786
-0.5623510336963021,3.640456456589347,-0.39748497414523554,-4.062427042844037,-0.3179223994436696,-0.24870785691262728
-0.5570142673722029,3.7230058477103403,-0.5534973022911742,-3.9823333981262805,-0.31435081588269204,-0.2542061585394483
-0.550886589945242,3.800731241654904,-0.6992162985801526,-3.9075329608249616,-0.3102264959377105,-0.25972667304277774
-0.544027644124795,3.8737114852151695,-0.8345933998445838,-3.8381842209689845,-0.305581794766828,-0.26526496014632744
-0.5364672355939033,3.9423691343466425,-0.9605942209073347,-3.773776524690897,-0.3004294970679322,-0.27080851359856745
-0.5282069248416106,4.007227484230564,-1.07851858379336,-3.7135609561045024,-0.2947634656258955,-0.2763433898275428
-0.5192256031552168,4.0687890462919425,-1.1896537896331452,-3.656774226989296,-0.2885620000032455,-0.28185728773484475
-0.5094842333674363,4.127493177961986,-1.2951468179631351,-3.6027247615958706,-0.28179070844436555,-0.28734056503100636
-0.49892879565726883,4.183709997817713,-1.3959783775752534,-3.550813660027931,-0.27440422306866086,-0.2927864257096545
-0.4874917262064275,4.237747527125558,-1.4929752334722899,-3.500530511411099,-0.2663469211242123,-0.29819089874721433
-0.47509229290494753,4.289862199541442,-1.5868331691028772,-3.4514417153447097,-0.25755292836752663,-0.30355286728977354
-0.46163625041811396,4.340269140642286,-1.6781401026537188,-3.4031782077293484,-0.24794561986815541,-0.3088742527153026
-0.44701501221341583,4.389151204948492,-1.767396023901379,-3.3554249561435117,-0.23743676880203587,-0.31416040448378113
-0.4311045219143056,4.436666733126586,-1.8550291364099425,-3.307912844743179,-0.2259254616409053,-0.31942073628853973
-0.41376400609303693,4.482956317720337,-1.9414085004263855,-3.2604129747036694,-0.21329690422530784,-0.32466965606539333
-0.3948348503111328,4.52814894270397,-2.0268536849480387,-3.2127332617016666,-0.19942129337071918,-0.3299278509483621
-0.3741399769068107,4.572367843003344,-2.11164190276875,-3.164717221744386,-0.18415303800519833,-0.3352240018978016
-0.35148435061828753,4.6157363587698494,-2.196012998835526,-3.1162448659881483,-0.16733081084019133,-0.3405970086615428
-0.32665764935358443,4.658383924888525,-2.280172564920327,-3.0672355884589657,-0.14877924035651885,-0.34609878907854363
-0.29944077709606465,4.700452091391209,-2.3642934053023628,-3.0176527377121767,-0.1283135690533387,-0.35179764754327164
-0.26961880520492787,4.742100039477738,-2.4485156235509797,-2.9675090948684977,-0.10574934793330107,-0.3577820289388438
-0.23700401311888417,4.783508364688955,-2.532945802029571,-2.9168715987271585,-0.0809201479136415,-0.36416409054232296
-0.20147346317064346,4.824878960540361,-2.6176561774798057,-2.865862307364509,-0.05370697120273182,-0.3710818060300235
-0.16302461193093348,4.866427986366632,-2.7026854045590385,-2.8146510690346553,-0.024082462462153724,-0.37869718280580683
-0.12184716272980899,4.908369134215985,-2.7880432566771414,-2.7634348588844215,0.007830995941740776,-0.38718687102958976
-0.07839665636108384,4.950887434786684,-2.8737217627082896,-2.7124015741399203,0.041700228524859134,-0.396721074434424
-0.033436479420065425,4.9941107601339745,-2.959713583905772,-2.661684539415702,0.07694345268359018,-0.40742953030193824
0.011996247953138896,5.038093987863769,-3.0460341033035965,-2.611325823528767,0.11275184366038235,-0.41936134428803606
0.0567246582097545,5.082830534498018,-3.13273877686639,-2.561270879190597,0.1481914594002382,-0.4324555794762989
0.09963174250955226,5.128291071594531,-3.21992730105709,-2.5114022724987346,0.1823607669796912,-0.4465411990862952
0.13984084896196966,5.174469580075438,-3.307734088140835,-2.4615933674035295,0.21453723821532414,-0.46137058925135394
0.17680452752926654,5.2214125237137745,-3.3963140334696966,-2.411749621711313,0.24425367084435973,-0.4766705771311057
0.21029204144020563,5.269221508271476,-3.485834095296193,-2.3618181543587586,0.2712938578681383,-0.4921878599161756
0.24031617935216582,5.318036767983329,-3.5764746960629488,-2.3117691399082645,0.2956381939371712,-0.5077155503902163
0.267046457924504,5.368014990429135,-3.6684381609096572,-2.2615650760019292,0.3173964250988116,-0.5231009541048994
0.2907363553597432,5.419311598214261,-3.7619592509818096,-2.2111326585840634,0.3367501042819299,-0.5382413876649796
0.31167247120526576,5.47207154435857,-3.857314397696454,-2.160344528911418,0.3539117139297604,-0.553074871505494
0.33014305357246987,5.526428257584171,-3.9548287169065226,-2.109011395772134,0.369098895341288,-0.5675700127754199
0.34642038042990253,5.582508459470192,-4.054881632514392,-2.0568814275006067,0.3825196523185967,-0.5817170765043042
0.3607519935383287,5.640440443375825,-4.157912695595694,-2.0036429246385157,0.394364659244105,-0.5955208511635091
0.3733571831369651,5.7003641083869585,-4.2644293079623905,-1.94892685594391,0.4048038416328149,-0.6089952605365311
0.3844263730931993,5.762441930449418,-4.375017976381713,-1.8923068087565291,0.4139853580877377,-0.622159431504674
0.39412192909271226,5.826870827267723,-4.490360722074231,-1.8332946862725998,0.4220357914253713,-0.6350348735205416
0.40257945364133474,5.8938954709008815,-4.611258490148174,-1.7713308745868281,0.42906077922840674,-0.647643442327973
0.40990893347381413,5.963824069608375,-4.738663887874041,-1.7057676064741143,0.4351455475411913,-0.6600057908744366
0.41619523328197644,6.037048037683723,-4.873726281780176,-1.6358439788704562,0.44035490417035333,-0.6721400236959256
0.42149741109975214,6.114067276803999,-5.017852943516994,-1.5606507869062245,0.4447322168463362,-0.6840602420109849
0.4258461521441467,6.195522718198643,-5.172789626854149,-1.4790836895168191,0.448296729308275,-0.6957745590419749
0.42923822755231084,6.282236243741391,-5.3407196579041845,-1.3897862319476308,0.45103820331326866,-0.7072819113880182
0.4316262191419421,6.375251663394736,-5.524362904849795,-1.2910960220316783,0.45290725244682045,-0.7185664677338004
0.432900932358022,6.475848697652759,-5.726996728348756,-1.1810458823329237,0.4537989516510867,-0.7295874623638443
0.4328642152778056,6.585436545052636,-5.952143550712985,-1.0575855624324952,0.4535274939621274,-0.7402609373088676
0.43119739480777275,6.705068112617924,-6.20222178915463,-0.9194729185326243,0.4517963430963214,-0.7504305115455469
0.4274637645678264,6.834082514409562,-6.474828508939112,-0.7686680810023021,0.44819857441317906,-0.7598393796522779
0.4212481203062694,6.967980231272408,-6.756949865123747,-0.6139807860621554,0.4423422089598176,-0.76817289176421
0.41243179966519494,7.099015447098882,-7.026542229887982,-0.46990274536975635,0.43410363121176715,-0.7752659031771116
0.4011547813328943,7.222244639117951,-7.26885158350598,-0.3461522046760808,0.4236006641431439,-0.7812562650792392
0.387415113222065,7.337947368942829,-7.482954290691392,-0.24369259785193756,0.4108279060674619,-0.7863913642592112
0.37091545502605555,7.448414526972092,-7.6731623302771395,-0.1603012895859829,0.39551141476149615,-0.7908432782033349
0.35110419409950105,7.555941565365896,-7.843635869197679,-0.09397944511843857,0.37714323476875594,-0.7946993385381333
0.32721110651197405,7.662443686051028,-7.997326237145655,-0.043602676642637006,0.35501288659153213,-0.7979986703664713
0.2982792649939346,7.76950250754071,-8.136092555436063,-0.008832107355747201,0.32823592561947595,-0.8007687976755964
0.2632616860328391,7.87843783605654,-8.260942343828075,0.010066709633046116,0.29584206526056106,-0.803068858870995
0.22129321046532335,7.990309053911373,-8.372206755857134,0.012406662801435493,0.25702471648930614,-0.8050517143644526
0.1722705895825004,8.105810368440567,-8.469659800623877,-0.0026889681573933275,0.2116752241583531,-0.8070423214783967
0.11771174785996719,8.225065729336777,-8.552659347895261,-0.0359356581803248,0.16117678744737135,-0.8095797450592339
0.06128821857687462,8.347460082117529,-8.62042434388351,-0.08744812172942823,0.10890126770647596,-0.8133015904181258
0.007942146573653053,8.471766317250994,-8.672448857595354,-0.15647459857267002,0.05940328518227657,-0.8186241124515419
-0.03828753062379365,8.596578352624066,-8.708774851276498,-0.24157593050338128,0.016418864265087485,-0.825485813867226
-0.07568655581380024,8.720649795522391,-8.729890920472503,-0.34106194385809496,-0.018451304535914412,-0.8334560650491509
-0.10451510721888371,8.842921367796176,-8.736454952850384,-0.45327988274489195,-0.04542741742394797,-0.8420333741497507
-0.1259638973945565,8.962405554330072,-8.7291111110329,-0.5766691146726163,-0.06559240903267406,-0.8508234107519425
-0.14141126420778208,9.07809317761043,-8.708435812952173,-0.7097132967003273,-0.08020741941061843,-0.8595660150824271
-0.15210888817079224,9.188914872356046,-8.674947283661952,-0.8508845288466016,-0.0904210597011707,-0.8681058321111245
-0.1591115151609766,9.293742748522327,-8.629132509975479,-0.998609951586707,-0.09720365692478705,-0.8763622648000231
-0.16330099270776144,9.391419544982961,-8.571471593678472,-1.1512694954771803,-0.10136877547793179,-0.8843106821922222
-0.16543039703926368,9.480809010847418,-8.502450912020198,-1.307229154625557,-0.10361346023095974,-0.8919710593827495
-0.16615694525042116,9.560861156069537,-8.422561218127688,-1.4649088168489566,-0.10454812472329301,-0.8993984512070528
-0.16605250897529553,9.630681703385568,-8.332280144024528,-1.6228747561752646,-0.10470561157204976,-0.906672077422558
-0.1655931827564245,9.689591081543089,-8.23204110540248,-1.7799387846165713,-0.10453074186639724,-0.9138828038428999
-0.16513987357646734,9.737158073726984,-8.122191462185977,-1.9352438193553232,-0.10436154003078019,-0.9211210049624519
-0.16492655994281685,9.773198017665822,-8.002942133496662,-2.0883209065574366,-0.10441773955193477,-0.9284673854160191
-0.16506724142723292,9.797734017938854,-7.874310017944992,-2.239113015932057,-0.10480691712803862,-0.9359883654733647
-0.1655803668414454,9.810928572501602,-7.736054014814104,-2.387971706594629,-0.10554712971543642,-0.9437360610758733
-0.16642045878266123,9.812998346679112,-7.587604340375563,-2.5356401987166186,-0.106596405213609,-0.951751813148519
-0.16750599731020452,9.80412490559895,-7.427983345047198,-2.6832382799176413,-0.1078788043195109,-0.9600720750056841
-0.16873734558116407,9.78437151129377,-7.255717649455286,-2.8322598434241635,-0.10930118655471253,-0.9687360191786811
-0.1700030604933907,9.75361683035435,-7.0687554070273055,-2.9845798897061995,-0.11075908421160495,-0.9777950755995588
-0.17117460017759986,9.711531843676616,-6.864452883523024,-3.142432106395659,-0.11213164065929224,-0.9873254091864542
-0.17208869783943187,9.657680534408648,-6.6398439415134325,-3.308223082938006,-0.11326483868434904,-0.9974442546219924
-0.17251716900615316,9.591962114604433,-6.392775383278033,-3.4838215492967244,-0.11394264834155758,-1.0083265894284805
-0.17213834317368285,9.515800461341504,-6.125004509177618,-3.668655640231704,-0.1138592633091658,-1.0201992229951924
-0.17057690929097577,9.434008455469847,-5.847111049386023,-3.8567597916761587,-0.1126555338745005,-1.0332491060062912
-0.16759984354001745,9.354508885348025,-5.577795982772043,-4.0374007036138355,-0.11010380185808065,-1.0474284110897276
-0.16327132454451143,9.283208132520361,-5.330505127735666,-4.203366200549554,-0.10625657621314392,-1.0624210918339325
-0.1577783829988455,9.22120463918905,-5.10639378204687,-4.354948979525314,-0.10128384435521863,-1.0778937159012902
-0.15124228217480207,9.167343037948454,-4.901133339809111,-4.4955465913052075,-0.09529440119741261,-1.0936346427859505
-0.1437014232102112,9.12026156932051,-4.710109699078496,-4.628538512033771,-0.08831884030218973,-1.109525686609624
-0.13514493983818943,9.078918635847259,-4.529631963338999,-4.756650359244969,-0.08034099495650482,-1.1254974745858362
-0.12554269411749241,9.04261087305339,-4.356876940612248,-4.882054186499982,-0.0713264096668611,-1.1415039370582118
-0.11487074782055738,9.0109015284966,-4.189648862648489,-5.006551130484789,-0.061246899540709276,-1.1575089347718475
-0.10313792294918982,8.983549126579053,-4.026179610765292,-5.131708068512896,-0.0501065515458751,-1.1734782009846194
-0.09041623743642806,8.960441527725202,-3.864992414306407,-5.25893398380072,-0.03797185449024103,-1.1893730720019684
-0.07687285665850313,8.941520024594254,-3.7048200670896403,-5.38949129862375,-0.025003639351429005,-1.2051443105954935
-0.0627932499126602,8.926670326767107,-3.544571411653012,-5.524425772878938,-0.01148064504314348,-1.2207255708277567
-0.0485756801944324,8.915555668050871,-3.3833457653489027,-5.664389632962171,0.002205051977658164,-1.2360277096940453
-0.03467347540138536,8.907386012306793,-3.2204909908799086,-5.809353007612421,0.015604384551099025,-1.2509378353528045
-0.021478163614602738,8.900684248554864,-3.055672412010622,-5.958291485176484,0.028326816361894054,-1.2653297928009775
-0.009181065082690195,8.893223254119476,-2.8888677206274416,-6.109103616140957,0.0401782598449742,-1.2790911667602674
0.0023065970379348,8.88233743356052,-2.7201926850886182,-6.2590631444392875,0.05124189183871461,-1.2921596688170103
0.013319778393539513,8.865561906460915,-2.5495864737600957,-6.405752008167833,0.0618461483454641,-1.3045455077487884
0.024330731856035973,8.841188913224935,-2.376545575326972,-6.547893025694482,0.07245753229848516,-1.3163209063996488
0.0358557430726601,8.808381628538447,-2.20004553324047,-6.685574585058467,0.08358803872563458,-1.3275864266512374
0.04842401609581096,8.766907502501152,-2.0185933953426423,-6.819962456378126,0.09576391493552326,-1.3384392630633186
0.06259941883303824,8.716768066362565,-1.8302771620649878,-6.9528965183651845,0.10954698642639032,-1.348956677019705
0.07903523827881744,8.657896935261215,-1.6327315633398365,-7.086626928658248,0.12558900676003898,-1.359192366016773
0.09855677716430813,8.58994590042337,-1.422991389117005,-7.223744942927808,0.14471393616196898,-1.3691792061689632
0.1222832849979424,8.512111050378286,-1.1972100966730905,-7.367287113401188,0.16803961605277665,-1.3789340481732468
0.15181557684517416,8.422941401758015,-0.9502041437390278,-7.5209965314867535,0.19716514901747373,-1.3884634447749178
0.18952577005033,8.320093310235643,-0.6747945778252754,-7.689731729155078,0.23446039270232152,-1.397772408717586
0.23894582636046588,8.200110100865185,-0.3611686324469423,-7.879873112305443,0.28345435352058357,-1.4068842570026991
0.3048814861988581,8.05893597407591,0.00197119016006142,-8.098642178484912,0.34894974673396095,-1.4158954627411866
0.39092382687674343,7.896565264926414,0.4160128511432873,-8.347196056469441,0.4345389363367832,-1.4251136342202233
0.4882855771873057,7.731691203809845,0.8365285714329747,-8.599089271086351,0.5314533116961816,-1.4351506456196377
0.5730137914731512,7.594894787707342,1.1915732311266805,-8.812330888150049,0.6157711696020527,-1.446135388556789
0.6389902716402814,7.486015079206738,1.4843913894634038,-8.990326504446765,0.6813765145167261,-1.4573950627585994
0.6912960686463153,7.395985552229524,1.7380826849409408,-9.1474567122486,0.7333383309509192,-1.4685707472623728
0.7341924137974271,7.319468076930606,1.9664653066311886,-9.29236731132454,0.7759085027922805,-1.4795701898842943
0.7704374754058791,7.253602872535934,2.1775917303581283,-9.430326616272126,0.8118391509388819,-1.4903888902469837
0.8018421528177033,7.196835892860837,2.3766048129433273,-9.564951817702848,0.8429372232177308,-1.5010510130473658
0.829669615930474,7.14830850535573,2.567079447871072,-9.698956995224197,0.8704631940010454,-1.511590978481455
0.8548777350475986,7.107469891537161,2.7516449505263223,-9.834395653877408,0.8953729671984159,-1.522046032821598
0.8782653375728594,7.073729461218921,2.9322472019605628,-9.97258261888209,0.9184637481330322,-1.5324495032018584
0.9005418329001937,7.0460930562850255,3.110214981978312,-10.113809584778261,0.9404433134643202,-1.5428204135043921
0.9223029051365995,7.022882353656701,3.2862712082413927,-10.257096971345684,0.9619053711704734,-1.5531504821904036
0.9439032815259585,7.001782703510016,3.4606600633332896,-10.40039087368597,0.9832021887622837,-1.5633980771819151
0.9653113233583412,6.980344287886202,3.6334696596395193,-10.541392358418829,1.0042995145917335,-1.573501836662847
0.9861175410352545,6.95661644415309,3.804989480347773,-10.678530392312783,1.0247858826789031,-1.5834103944375097
1.0057527632465784,6.929429585095964,3.975875764855741,-10.81138197359041,1.0440914821449758,-1.5931044582860172
1.023749018624815,6.89825411729863,4.14711665166402,-10.940480221112562,1.0617491119322078,-1.602596167657874
1.039867203450945,6.8629072456435924,4.319939378937462,-11.06692625760846,1.0775213766939147,-1.6119144566110934
1.054081279526722,6.823312888057169,4.495756964595428,-11.192100394119034,1.0913843152211362,-1.621090958918684
1.0665011409232783,6.779354610555185,4.676174681775382,-11.317527427145405,1.1034498946284026,-1.6301522126492098
1.0772977642753516,6.730791298696145,4.86304747613853,-11.444855239893835,1.1138910274743454,-1.639116993925311
1.0866515657920994,6.677202103793659,5.058578606662041,-11.575903841711083,1.1228899750593802,-1.6479960976558592
1.094721272870739,6.617941765293813,5.265450021945406,-11.712757655674547,1.1306074002995181,-1.6567926366134604
1.1016238607485038,6.552107382526315,5.4869541109064555,-11.857873774159733,1.1371626371059644,-1.665501746592511
1.1074157881890003,6.478559003130069,5.727006864390146,-12.014131873672628,1.1426155096494022,-1.6741089336400723
1.1120670144514675,6.396151446010705,5.9896285341528435,-12.184573754449204,1.1469413752646729,-1.6825864477048638
1.1154273547267741,6.304623326823591,6.276712999391308,-12.371098751090573,1.1499990533742375,-1.6908884591654214
1.117229073435576,6.206878673011651,6.582121440393247,-12.570844582854065,1.15153436837998,-1.6989536592977628
1.1172704725681593,6.111480007758737,6.885211921163078,-12.772041212992587,1.151358944203723,-1.7067410396881135
1.1157493540125707,6.028512294981929,7.161875985052039,-12.960573431294515,1.149671372472683,-1.7142907028675343
1.113144834053015,5.961434913358686,7.405715314001333,-13.133092690756605,1.1469392746533804,-1.7216966417691189
1.1098346949667783,5.908966640462435,7.622544573656278,-13.293794206781216,1.1435294163774543,-1.7290281242798864
1.1060500409445795,5.869361254894684,7.819187369734671,-13.447566498512469,1.1396657519686806,-1.736316921858212
1.101956992901517,5.8415267285663,8.000752883236416,-13.598326166428793,1.1355091958865267,-1.7435695839092504
1.097715425105257,5.825003228441076,8.170814585965271,-13.749129381215523,1.1312145527814315,-1.7507747293978235
1.0935143832575704,5.819793823092485,8.33188115311592,-13.902449323356269,1.126964696376044,-1.7579055870068354
1.089593005687756,5.826212079079429,8.485739747886072,-14.060352603426058,1.12299064234678,-1.7649213723577326
1.0862445848811006,5.84474073909945,8.633673347363379,-14.224564119470953,1.1195752627491604,-1.7717710016785941
1.0837930632416972,5.875874494349219,8.776596611077172,-14.396434957014685,1.1170303322637845,-1.7784029161870376
1.0825318931974992,5.919926853644441,8.915144958256516,-14.57682741371102,1.1156372543313129,-1.7847836232006307
1.0826335011680799,5.976801940237971,9.04974102864658,-14.765944112983403,1.1155595437246508,-1.790922270214665
1.084070465562115,6.045767537901646,9.18065782086818,-14.963161726382797,1.116766874187334,-1.796889745521657
1.0866043513564454,6.125304966110975,9.30809691555229,-15.166969579086993,1.119024727393593,-1.8028167565720568
1.089860818510928,6.2131230558369435,9.432293681553709,-15.37511501876251,1.1219675260612492,-1.808865465619992
1.0934473194806702,6.306373800480175,9.55363678370212,-15.584974119863254,1.1252129188661977,-1.8151875855621664
1.0970497904119492,6.402005403620855,9.672757299102,-15.794024412787632,1.128455628161766,-1.8218898186162729
1.1004784049082375,6.497111541928037,9.790541839535086,-16.00022024377858,1.1315117712267704,-1.8290185988136327
1.1036710111134376,6.589158928611631,9.908067618506756,-16.202149155627126,1.1343218828603836,-1.8365621373191452
1.1066739569434476,6.676070290510849,10.026502458298516,-16.39899732047061,1.1369317364892617,-1.8444613771492375
1.1096110890960362,6.756212064002281,10.147018210022548,-16.59043081138797,1.1394616025025814,-1.8526238468187566
1.1126426802006972,6.828344868240912,10.270741815423584,-16.776479889040196,1.1420659717716795,-1.860939026296648
1.1159181777204585,6.891568778022834,10.398745195236057,-16.957460837685147,1.1448878345680766,-1.8692950346094903
1.1195363451828844,6.945269949067267,10.532066675739088,-17.133934681334082,1.1480207026206644,-1.877593895088585
1.1235287763986472,6.98906330185237,10.671757709837685,-17.306691169996974,1.1514934875268945,-1.885760709895364
1.1278701454530318,7.022726162542045,10.818950985072883,-17.476748774471783,1.1552809934148145,-1.8937444185144323
1.1325030379628904,7.046122978433309,10.974947649235512,-17.645367971962376,1.159328042272044,-1.9015122830095275
1.137361790298637,7.059124656925058,11.141324395847452,-17.814081485067202,1.1635723120120556,-1.9090422608381852
1.1423869146274876,7.061525819170594,11.320065187638871,-17.984749254315002,1.1679580326957415,-1.9163162208836566
1.1475289942629738,7.052962582413982,11.51372239344352,-18.159645928830226,1.1724397193211942,-1.923314954013954
1.152742972242572,7.032839667525002,11.72559449353582,-18.341578281171394,1.1769770817648388,-1.9300149485623264
1.1579705264522,7.000306487412162,11.959828839470692,-18.533983692290658,1.1815193232557737,-1.9363874359181106
1.1630996377092606,6.954431075613342,12.221077132705851,-18.74079054687309,1.1859693127381161,-1.9424030976062525
1.167876328887333,6.895043191572409,12.512484525965,-18.965291419911413,1.1901054374856734,-1.9480540198928555
1.1717525500079422,6.825273393380346,12.829296613010442,-19.20629436085315,1.1934465058341825,-1.9534182537024352
1.1738485020350764,6.755439001889248,13.148890516394822,-19.451836429879307,1.195216554366073,-1.9587588209115379
1.1735289986845592,6.699782293156447,13.439295945018271,-19.684000218551855,1.1948526152742667,-1.9644497141104633
1.1709420337114491,6.6645467433804075,13.68944462748705,-19.897354966892088,1.1924824990299725,-1.970685845779225
1.166453530371837,6.648886177486261,13.905548349745288,-20.09679955617782,1.1884269926100874,-1.977499272710875
1.1602541195377292,6.650984594749662,14.095247183699275,-20.28790076821587,1.1828521881565608,-1.9849065291667158
1.152367920756332,6.669645417861704,14.263872567600078,-20.47463735236765,1.1757768726183186,-1.9929520508203111
1.142695553723787,6.704210633807921,14.414769219178696,-20.65957738950331,1.167110334972252,-2.0017162495632923
1.1310208960529389,6.754286035633834,14.549925852057218,-20.844205987306662,1.1566582534465426,-2.0113240181441157
1.116987392738197,6.819506306674309,14.670418013744518,-21.02912195232601,1.1441018365391051,-2.021959013805567
1.1000537583312684,6.899358734428784,14.776697383678524,-21.21414928462238,1.1289590705490835,-2.033882265756598
1.0794374511442544,6.993070544430523,14.868791743103316,-21.398429770564235,1.1105357212851268,-2.04745213322872
1.054052613529804,7.09957050816674,14.946452294713527,-21.580541257599894,1.0878722993621852,-2.063142731689488
1.0224533882771425,7.217528701454515,15.009258625256635,-21.758651653780092,1.059696975062016,-2.0815558879133613
0.9828209378068575,7.345453140023806,15.056674151373633,-21.930675815499836,1.024418733246195,-2.1034093103609477
0.9331152362995443,7.481780098036233,15.088044374109304,-22.094363785397526,0.9802679754367755,-2.1294475615168964
0.8716901857318446,7.624840327594554,15.10256146102348,-22.24723534113664,0.925846629672856,-2.1601506670226214
0.7988528204467703,7.772550047685466,15.09929958094017,-22.386336914240463,0.8615033144573352,-2.195062538104672
0.7192692565199129,7.921869974298204,15.077519393830945,-22.508077625213563,0.7914251320462237,-2.2318703389997787
0.6424562230262879,8.068807733981357,15.037288541033705,-22.608894280424888,0.724000018570642,-2.2664968534482557
0.577712243876424,8.20982267092837,14.979862447348701,-22.686897813673507,0.667313113995681,-2.295492408334174
0.5284145890563535,8.343184134604053,14.907203687183591,-22.74253225499188,0.6242029591932842,-2.3181476971511072
0.49282969773499397,8.468695708601475,14.821172329025403,-22.77746930676415,0.5930638987192333,-2.335650839598087
0.46767215586466016,8.58686320813518,14.723207225654598,-22.793569905541403,0.5709832718219222,-2.3494972658724054
0.450005045739756,8.698445476492436,14.614391758299453,-22.79257812523535,0.5553845105877034,-2.3608510893328507
0.43765114009058226,8.804311690556162,14.495554017143533,-22.77610435416539,0.5443684939093721,-2.370505848656197
0.4290926008455616,8.90539934870437,14.367297050933155,-22.745616973159407,0.5366164478472985,-2.3789864740849644
0.4232915019217379,9.002691560146937,14.229978130480728,-22.70239614457451,0.5312291210996093,-2.3866427231597327
0.41954259430291807,9.0972001607921,14.083667149347852,-22.647471439800096,0.5275966595811374,-2.3937126917458516
0.41737025013715207,9.189958680106413,13.928099641433146,-22.581563908095475,0.525308104342644,-2.4003632077310484
0.4164605415577531,9.282028469417648,13.762628205345814,-22.505039593883364,0.5240919279674205,-2.406715576628813
0.4166186764218402,9.374516368375629,13.58617388745896,-22.417873904878384,0.5237787473547784,-2.4128626287581154
0.41774499640460305,9.468595035636191,13.397191172968377,-22.319630754177375,0.524280094665281,-2.418880927325144
0.419825538135273,9.565501209324616,13.19370188442272,-22.20948584028143,0.5255796034959703,-2.424840765775813
0.42293437026585246,9.666445965935958,12.973565746630818,-22.086394736520667,0.5277340385387642,-2.430815770886654
0.4272413001637143,9.772276665129304,12.735411002555992,-21.949670381458688,0.5308786095160077,-2.436892220024941
0.4330012978692083,9.88260992235821,12.480972647781652,-21.800451099737167,0.5352168236185666,-2.443171524800696
0.44046859877163186,9.994459941233945,12.218762870820047,-21.644053563220325,0.5409481537128418,-2.4497418089070924
0.4497174250061344,10.102175859125726,11.96419225577011,-21.490182427475414,0.5481204636350777,-2.4565925832761657
0.4605901008626844,10.201008032209842,11.729979604897588,-21.3470010801245,0.5565902766359587,-2.4635517429161227
0.4729149871914701,10.289964100679141,11.518607120396943,-21.216287096900444,0.5662040107712611,-2.4703698986049862
0.4866575268855617,10.370259120953842,11.3265911193286,-21.095987062334483,0.5769206977692818,-2.4768240253485008
0.5019054223098688,10.443418740569523,11.14958011848233,-20.983403699559013,0.5887978210359097,-2.482728945381804
0.5188298941637617,10.51067486044117,10.983960822964404,-20.876231418621547,0.6019581772815494,-2.487913458705258
0.5376681477758457,10.572921288098682,10.826971584752059,-20.77265077599297,0.6165743935152473,-2.4921984818249077
0.5587215607817545,10.63078695782091,10.676511176087622,-20.671224590522705,0.6328662336800877,-2.4953801658457
0.5823626109296437,10.684712309510012,10.530950534336826,-20.57079396519586,0.651104794332277,-2.49721479744308
0.6090469805105309,10.735012711223314,10.388995988991498,-20.470409864127543,0.6716205745811521,-2.4974029827813187
0.6393283787504898,10.781934321693,10.249599017952976,-20.36930230920183,0.6948133812040602,-2.4955718077493407
0.6738720380280344,10.8257109952153,10.111902068250956,-20.266885994140882,0.7211608944995107,-2.4912552371024757
0.7134570317383502,10.866629039876438,9.975212972372073,-20.162801556128635,0.7512184057752844,-2.4838763994141995
0.7589431691165069,10.905099422767055,9.839002490267575,-20.056985481132628,0.785591576405102,-2.4727437120288176
0.8111478048309498,10.941717993264005,9.702916706339662,-19.94973803749426,0.8248417258343079,-2.4570917341367906
0.8705308584443776,10.977257715946125,9.566785606423739,-19.84170940797047,0.8692492239973467,-2.4362318514115078
0.9365803791375984,11.012505847356959,9.430594725480113,-19.733679409855345,0.9183588335487427,-2.4099034869300446
1.0070419709119247,11.047942224252012,9.294393610289815,-19.62611012738233,0.9704208195798976,-2.3788100326954082
1.0777995010296513,11.083555954497522,9.158183327615856,-19.518850500471228,1.022330561037308,-2.3449261292880705
1.1442909600687958,11.119197482742432,9.021898938352997,-19.411539324047194,1.0707049422326422,-2.310928079729973
1.203505162897491,11.155144441299875,8.885488540264676,-19.304329800581975,1.1133599786439652,-2.279011665493782
1.25459132138017,11.192155613504914,8.748920016233658,-19.197956343108157,1.1497351134676657,-2.2502604610851664
1.298106812332928,11.231098966458879,8.612082548744196,-19.093218411075313,1.1803109457852818,-2.224856593618175
1.335131421790735,11.272659036814511,8.474705037047876,-18.99057041892979,1.2059423309024115,-2.202532795528677
1.366777843703664,11.317273474574788,8.336339910568205,-18.890030753637667,1.2274947323741092,-2.1828797646421294
1.3940145759082074,11.365196822592692,8.1963798328907,-18.791263722520224,1.2457155115276868,-2.1654872183071054
1.4176336854766483,11.416591236669422,8.054072756108818,-18.693689814967,1.2612129742735807,-2.1499926916854233
1.4382683745797613,11.471602945704136,7.908520668813434,-18.596564809517627,1.2744718024642125,-2.13609126149753
1.456421480447157,11.53041853013408,7.758658939605625,-18.499018165306637,1.2858759750292403,-2.1235315299117774
1.472491826790075,11.593307082706957,7.603216443843785,-18.400057307035645,1.29572962035465,-2.1121081438365845
1.4867949387900048,11.660655603763155,7.4406571796392384,-18.298546322865977,1.304273384040589,-2.101654716201543
1.4995775416916817,11.73300217119048,7.269106662221179,-18.193167281322392,1.3116960452355613,-2.092038678575993
1.5110255515389772,11.811064955940013,7.086278199938192,-18.08237759075494,1.3181413408314173,-2.083159075597092
1.5212643374070718,11.895749280751236,6.8894527755094614,-17.9643992886478,1.32370932400307,-2.0749487931644444
1.5303484343948575,11.988073370612872,6.67567574625233,-17.837343174586934,1.3284504974450444,-2.0673839310129645
1.5382375016228536,12.088855953950741,6.442595929485126,-17.699732761821114,1.3323506787457324,-2.0605039024471647
1.5447656901613251,12.197868845144217,6.190753618948418,-17.551927557735706,1.3353113776092351,-2.0544397865445574
1.5496574608867748,12.312392635044139,5.927499084489352,-17.39855156543909,1.337160739354494,-2.049415637955519
1.5526958290033366,12.426861071775813,5.668013501933701,-17.249108716136874,1.3377650288479015,-2.0456386435722846
1.5539478557520516,12.536226646975603,5.426328170421022,-17.11241092107099,1.3371776574864929,-2.043122248406619
1.5536798926677078,12.639204615448898,5.206641162224904,-16.991251333725707,1.3355830694091801,-2.041717887876549
1.552109152052496,12.737026192574703,5.006638778508423,-16.88450214518886,1.3331328651276606,-2.0412907764705
1.549318846480825,12.831474169699215,4.822730817650621,-16.79034865601955,1.3298905222038362,-2.041792780372504
1.5452701291898314,12.92418678661117,4.651917563036495,-16.707435201306875,1.3258403391639102,-2.043261551380624
1.5398159588891063,13.01657545875708,4.492033910410181,-16.63501752558143,1.32089786871844,-2.045814043314187
1.5326964255671245,13.109884807127697,4.341616534401003,-16.57288684756716,1.3149085114511325,-2.0496518604798117
1.523514283723887,13.205260403525665,4.199741662173754,-16.521274084684126,1.3076337746879023,-2.055080686362266
1.5116885373982105,13.303797254595446,4.065893991150313,-16.480765932098432,1.2987242720067618,-2.062545945303205
1.4963798920831166,13.40656685858421,3.9398615105524777,-16.45222426199201,1.287676146578571,-2.0726894644886875
1.4763776198674472,13.51462657032138,3.8216408778312942,-16.43669603169037,1.2737652067103558,-2.0864346970570646
1.4499347269713385,13.629019625979277,3.711341945856047,-16.435309061526628,1.2559518901310165,-2.105109193028209
1.4145460605939109,13.750780140326116,3.60909041391593,-16.44916511845819,1.2327556959721804,-2.130604968172348
1.3667188659493634,13.880954183079556,3.5149442812142047,-16.479256465147703,1.2021321569013494,-2.165530652952112
1.302018879763693,14.020592281470988,3.4288637775509945,-16.52640821175434,1.1615265858655295,-2.2131216771427726
1.2164400218905242,14.170442665700476,3.350804004938364,-16.591083822309912,1.1087286540681114,-2.2760856605613804
1.1115071223183335,14.329630006160018,3.280970943846937,-16.672492949181688,1.0449107901113321,-2.3525954051979547
1.0023693007794197,14.49346187634225,3.2198295703907864,-16.76679234634892,0.9792324036558976,-2.4303899678119554
0.911735846540905,14.655166665835829,3.1668652084107327,-16.867555180625182,0.9248819349508631,-2.4924511270562806
0.8482018427659469,14.811448351046923,3.119849991726795,-16.969748209925367,0.8864674993381904,-2.5336633063357104
0.8070600150970813,14.962182687935185,3.076383769963583,-17.070785925600152,0.8609707365712247,-2.558686098639709
0.7816954741763399,15.10792335627545,3.03470808584215,-17.169252279331094,0.8444492242920169,-2.572843576239925
0.7673121643724377,15.249065192459401,2.993580645407435,-17.264120971238846,0.8340967152986991,-2.5797072783654973
0.7608744763327402,15.385785303978471,2.9520757524436076,-17.35451790301396,0.828150501233409,-2.5814226814303622
0.7605205431027597,15.518123785040288,2.909468630050909,-17.439673558020147,0.8255304126303835,-2.579251564157313
0.765124109108715,15.64605632719223,2.8651759569488755,-17.518923806108436,0.8255783903736441,-2.5739251633819147
0.7740262789211025,15.769542897143639,2.818725208323436,-17.591719919888334,0.827901127344735,-2.5658450501280976
0.786877258975214,15.88855877206749,2.769738265832459,-17.65763843618836,0.8322778007537054,-2.5551951129329855
0.8035421297955223,16.003114444613765,2.7179217501740336,-17.716388516594673,0.8386052606639324,-2.54200461260272
0.8240425353121787,16.11326833702818,2.6630597409823173,-17.76781551234696,0.8468641567681987,-2.5261846530479373
0.8485170887478996,16.219134177607465,2.6050061307297923,-17.81189924579923,0.8570961236160564,-2.5075509649656205
0.8771886655764475,16.32088357128016,2.5436748932212874,-17.84874539647984,0.8693854632843027,-2.4858416027117856
0.9103286304940441,16.418743594639686,2.4790275288738703,-17.8785687107098,0.8838400700114382,-2.4607369067792133
0.9482080094010151,16.51298903350833,2.4110580756563054,-17.901667641569748,0.9005665687445178,-2.4318896421566927
0.9910254871123594,16.60392911716565,2.339777354411899,-17.91839149514706,0.9196347527094204,-2.398974352596158
1.0388050147710661,16.691889417685502,2.2651993557126042,-17.929103278074972,0.941027943536295,-2.3617643964134283
1.0912667962106413,16.777191307743692,2.187333325912902,-17.934144251496377,0.9645812744827871,-2.3202386283089567
1.1476991951079414,16.860134148398753,2.1061841053538726,-17.933809067534956,0.9899213127950833,-2.2747021022138783
1.206891153696338,16.940987947449933,2.0217594586856977,-17.928340786781064,1.0164356535261387,-2.225876913383568
1.2671989207791508,17.020002893168073,1.9340772093570942,-17.917948853206212,1.043307613851896,-2.17489823297542
1.3267779009685852,17.097433671622344,1.843161609263612,-17.902839524765994,1.0696302324704485,-2.123171529744595
1.3839110996406356,17.173565455529484,1.7490231070116944,-17.88323708479626,1.0945660474987307,-2.072122446373246
1.437291239808076,17.2487270375817,1.6516262870699796,-17.85937909628267,1.1174835764002624,-2.022945876913732
1.4861459994536266,17.32328798442762,1.5508569435079131,-17.831487560801882,1.1380171773725294,-1.976458331960455
1.530201125776727,17.39764820265445,1.4464960147320665,-17.79973134685455,1.1560478215570298,-1.9330821875272126
1.5695519349269578,17.472229665190984,1.3382011351946836,-17.764193781498086,1.171639056123489,-1.8929199718139853
1.6045187645498111,17.547474798601172,1.2254924357900532,-17.724850388718416,1.1849650935103606,-1.855858995733625
1.6355290779666256,17.623851343098185,1.1077390602457111,-17.681555213728895,1.1962520804519514,-1.8216660618848581
1.6630373672199357,17.70186144900871,0.984145170199904,-17.634032747928728,1.2057381561474745,-1.7900570597251984
1.687477366257101,17.782051833962626,0.8537384842807297,-17.581874925632192,1.213649654895698,-1.7607418963544776
1.7092362500892313,17.865019885966444,0.7153722971204175,-17.52454836668545,1.2201883499361463,-1.7334512499271995
1.7286412361302008,17.951405512806694,0.5677677654781701,-17.46142776736019,1.2255249647911157,-1.7079523632869125
1.7459514036410935,18.04184767179361,0.4096540654550995,-17.39189123253862,1.2297953623926687,-1.684059832168076
1.7613505246886578,18.136866537298758,0.2401136713746665,-17.315544858264833,1.2330973047789162,-1.6616452298758349
1.7749417022772163,18.236619127739377,0.05927618234611767,-17.232667010991747,1.2354881411629373,-1.6406453283302094
1.78675458907754,18.340527505204154,-0.1306354258691297,-17.14487616499514,1.2369886410820485,-1.6210598480231235
1.7967867322766835,18.447009112947594,-0.32453147819569717,-17.055632457670917,1.237603370172953,-1.602918995951931
1.805081858263305,18.553824904089698,-0.5153684394606441,-16.969685380992345,1.2373588130687334,-1.5862151485310643
1.8117818431386419,18.659122560312003,-0.6969829130987582,-16.891307027718913,1.2363284765852682,-1.5708520965634627
1.8170880942632812,18.7621871655178,-0.8661727726059019,-16.822973956830694,1.2346140761008126,-1.5566731202669186
1.8211830421503654,18.863278230940555,-1.0223045243876772,-16.76558865906111,1.2323076693595008,-1.543529087306525
1.8241865852824597,18.963116098664013,-1.1659425341925727,-16.719323693320522,1.2294709204427299,-1.5313193186509904
1.8261495755813022,19.062532781659904,-1.2979032262898935,-16.68421072722955,1.2261323321507736,-1.519999910737458
1.8270600130754475,19.162322195259616,-1.4188484818128622,-16.660394474381633,1.2222906192123164,-1.5095798501584201
1.8268488567037584,19.2631906843091,-1.5291626586533535,-16.648205261566446,1.2179179112937206,-1.5001166908665085
1.8253922848857969,19.36574160403791,-1.6289406459618976,-16.64815502505152,1.2129612910635852,-1.491714950954205
1.822510934509945,19.47046483468735,-1.7180123121489794,-16.660901652933187,1.207342951685123,-1.4845269978460085
1.8179678903890686,19.577720363995038,-1.7959766463127662,-16.687197351128173,1.2009598415239078,-1.4787549933326274
1.8114682137760394,19.68771255558751,-1.862237333576676,-16.72782600742099,1.1936841202204462,-1.4746515250927112
1.8026645060738642,19.80045473475122,-1.916037343298592,-16.783531958161774,1.1853665037664556,-1.4725150373650906
1.7911758114160423,19.915724901826888,-1.956491239015717,-16.854942961027145,1.1758457920445244,-1.4726737335319027
1.776630858243506,20.03301370395785,-1.982613982471051,-16.94249089004093,1.1649694087994498,-1.4754484632427418
1.758749187528643,20.15146625229658,-1.9933462080264688,-17.046333360132632,1.152630652086442,-1.4810830214402602
1.7374689088993296,20.26982236598616,-1.9875798158391238,-17.166278636967668,1.138825719225121,-1.489634616031833
1.7131063385963992,20.386369379936227,-1.9641939278718112,-17.30171835817835,1.1237225285817445,-1.5008375637720928
1.686484172201304,20.498939035481854,-1.9221141170243534,-17.451583835466113,1.1077117618529886,-1.5139945878578778
1.65892042439795,20.604992313231197,-1.8603944833758799,-17.61436278882469,1.0913926480160039,-1.527986875765927
1.6320106045513147,20.701813167962094,-1.7782856803847236,-17.78822550308556,1.075467461261639,-1.5414583799286259
1.6072939480148003,20.786764814083146,-1.675220450171132,-17.97128038261138,1.0605905441696841,-1.553095874878105
1.586018119001671,20.85750849930518,-1.5506702236683125,-18.16191407138993,1.04726821582104,-1.561824963876282
1.5691278847838048,20.91210693260201,-1.403888173360785,-18.359134987885547,1.0358605386419732,-1.5668196296837893
1.5574017975999885,20.948999678801517,-1.2335820243443603,-18.56286964190086,1.0266467521586755,-1.5673898073146564
1.5515639449737357,20.96687874257624,-1.0375369655615685,-18.77421745814907,1.0198788404855563,-1.5628875695593718
1.5522468919782462,20.96450451549063,-0.812192600201492,-18.995696644145543,1.0157734593034136,-1.552729143015101
1.5598227242011315,20.940531805348886,-0.5522665074551636,-19.231460236341245,1.0144517963569397,-1.5365159368797363
1.5742472925674509,20.89360398379746,-0.2510329234203753,-19.487139621526055,1.0158860201579887,-1.5141386117374185
1.5948971050208696,20.823777104820334,0.09605624128769652,-19.76766917595442,1.0198411189768206,-1.4858957252341185
1.619789159815507,20.738115195773574,0.4770697820490432,-20.068428848108372,1.0255615834447045,-1.453191982335003
1.6443595023647224,20.65814763367193,0.8444200979933543,-20.362928200730497,1.0312528364868527,-1.419821106167249
1.6645862613428117,20.60350163042509,1.1564155422016407,-20.627950355611446,1.035286280679371,-1.3895548577785568
1.6803456427138102,20.5746028454885,1.4187775152844277,-20.86895390442412,1.0375694483904954,-1.3628693310761824
1.6925436399010638,20.567396196020134,1.6462185171046269,-21.096373871030636,1.0384305677861818,-1.3391726013858145
1.7017715315845205,20.579320253919377,1.8485260545613837,-21.317324413499556,1.038077284830073,-1.3180519316223307
1.708260507785691,20.60908185461602,2.0316939992684744,-21.53639986231072,1.0365712205348083,-1.2993686346145004
1.711964284895432,20.65603944407114,2.1995090368311145,-21.75662264372058,1.03385631732076,-1.2832054966000992
1.7126392603022544,20.719751808938014,2.354469772521332,-21.979912618546955,1.0297894444082067,-1.2698030531334767
1.7099748244615147,20.799623879873412,2.49832537257251,-22.207287150017603,1.0241978148217588,-1.2594505766021644
1.7038585743708363,20.89459730196435,2.6324506346569474,-22.43895759316867,1.017003712318397,-1.252268117745238
1.6947913380935613,21.002901416301114,2.758162699661491,-22.674440761343643,1.008424750928837,-1.247872641197912
1.6841802178536223,21.121975702228813,2.8769770390078646,-22.91277496563595,0.9991191054282942,-1.2451470977739771
1.6740022221756878,21.24869951621578,2.9907166952708355,-23.152856197602315,0.9900272983089344,-1.242507859993538
1.665917663531693,21.37982400108432,3.1014445748276236,-23.393753864967444,0.9819433502679901,-1.2385965076542276
1.6607132457182652,21.512260520059815,3.2113248732652058,-23.634811987428932,0.9752414341231328,-1.23270637155647
1.6584291723843516,21.643090972275367,3.3224986202610367,-23.875517507426373,0.9699346192529947,-1.2246806111678181
1.658720203961886,21.76945067792547,3.4369616711606117,-24.115260777462105,0.9658496591098116,-1.2146385346930828
1.6610935609342055,21.888446224580317,3.5564385343698577,-24.353122257312155,0.9627437430780741,-1.2028042645030046
1.6649916246518088,21.997192589195393,3.682285875251619,-24.58779468443845,0.9603464769684065,-1.1894599426064765
1.6697989663243058,22.092990191386395,3.8154645935430236,-24.81770358402383,0.9583646198100125,-1.1749598982484364
1.674852046202009,22.17359230019349,3.956596770253684,-25.04130584876492,0.9564863146599814,-1.1597400452918603
1.6795053381894265,22.237452629890736,4.106092623688475,-25.257457126814177,0.9544100412005726,-1.1442741357572106
1.6832557288523968,22.28383979197934,4.264312888120264,-25.465706502286853,0.9519002784343945,-1.1289723691008264
1.6858555342888117,22.31276829950911,4.4317388090458305,-25.666430925491827,0.9488392534831428,-1.1140796091307026
1.6873296101757256,22.32477676765726,4.609143699028186,-25.860816898404703,0.9452360375080145,-1.099645377763046
1.6878918765008832,22.320631584917958,4.797772209762037,-26.05076324702314,0.9411894922238246,-1.0855747540889127
1.687833944116037,22.3010329786759,4.999537575562062,-26.238792022070836,0.9368374589855784,-1.0717063406869867
1.6874504657708846,22.266365692328808,5.217254652002591,-26.42803170004496,0.9323221935838745,-1.0578674614473662
1.6870172149269225,22.216503904363414,5.454918271965874,-26.62229436471454,0.927780373986051,-1.0438939403873095
1.6868122681323425,22.150696095316082,5.717938293429246,-26.826182244039483,0.9233543163985073,-1.029623384206387
1.6871741831061404,22.06771465803079,6.012808825193477,-27.044876637691456,0.9192230083465939,-1.0148731148975296
1.6885971285198786,21.967023803728843,6.34418121364494,-27.282310126279565,0.9156548827263117,-0.9994175852731413
1.6917966831240718,21.852775093766805,6.704471956991982,-27.534651924815122,0.9130488941657311,-0.9830183932352108
1.6974209985775952,21.73905707787407,7.060089253626038,-27.78181924668913,0.911783453449465,-0.9656027030357831
1.7054218499374114,21.64053701699158,7.3761844629359565,-28.003428081626264,0.9118575281222047,-0.9473418620805435
1.7154132401632056,21.55873359079766,7.651984684305121,-28.200534648249214,0.9130646699322027,-0.9283126109211853
1.7272693958146006,21.490093466837422,7.899037113120548,-28.381436779028625,0.915332050696043,-0.908413837609807
1.7410818038702562,21.43177453154373,8.126599022651494,-28.552727912368535,0.9187065654212065,-0.8874727549730544
1.7570415163209143,21.382061195795647,8.34096429631027,-28.719085470893017,0.9232912112113442,-0.8652959083574416
1.7753591490820573,21.340010714812557,8.54654702900997,-28.884033415815587,0.9292003140501096,-0.8417019758894596
1.796177595242369,21.305158342219787,8.7466384475165,-29.050418983453937,0.9365102995852809,-0.8165703108392737
1.8194489330797348,21.27727186232569,8.9438202115524,-29.220586936056982,0.9451903261693752,-0.7899195252097787
1.844785089624322,21.25605713490949,9.140139801166061,-29.396266887646355,0.9550181920488354,-0.7620064486992721
1.871372039372158,21.240716358103647,9.33710586270776,-29.57814332241699,0.9655319389587568,-0.7333805812472652
1.8981299033774988,21.22935525735021,9.535572406000453,-29.765182919270796,0.9761195342815306,-0.704763310802551
1.9242110750960033,21.218566742019487,9.735707008928452,-29.954232691231844,0.9862983061963879,-0.6766862454304293
1.9495119748054435,21.20389147215348,9.937351793254031,-30.14085256564273,0.9960021966907546,-0.6491275895657681
1.9746901631619598,21.181279570643753,10.140755325049225,-30.32145072966612,1.0055920445239577,-0.621519520654117
2.0007807891954204,21.14829404332811,10.347092884738796,-30.494932402815536,1.0156413398597461,-0.5930457157084995
2.0289205441042406,21.104051950491833,10.558468191639397,-30.662622295665727,1.0267814041610137,-0.5628407901987805
2.060342557981212,21.048421941501726,10.77773753242987,-30.827313109947287,1.0396975424265895,-0.5299761054911256
2.096535739011316,20.981269747579585,11.008505397050694,-30.992542110488174,1.0552172689698607,-0.49332212775605366
2.1395092048752637,20.901954543531247,11.255399785797536,-31.162392043816176,1.0744579565888845,-0.45133259794595887
2.192201765572808,20.80894070605923,11.524676625804403,-31.34173523845369,1.099056919861145,-0.401712638508456
2.2591356920390826,20.699344564379167,11.825262337644165,-31.536860795685744,1.131541459988803,-0.3408804878375329
2.3473389538016503,20.56834401223679,12.170241574196584,-31.75643294490254,1.1758589392516496,-0.263175457360572
2.466520280084323,20.40919144808802,12.577037992690592,-32.011765485941105,1.2375179503186884,-0.16054685841623056
